{"/Xi5Z5llmLkkFwhqyp4nLA==":"topale_logo-250x150.png","E40zqBuiXD7m00cVvb4XFA==":"junction%20box_yash-400x400.png","8z8eEnqTXd0F1asF1qiRnw==":"junction%20box_yash%20(1)-400x400.png","c4uRrdGMMqTqaGjqETTe8g==":"junction%20box_yash%20(2)-400x400.png","Kkh+GCUZDWh0qtleYQAdbA==":"junction%20box_yash%20(4)-400x400.png","PHFc4DID5fUPJ5ZV2E1G3Q==":"junction%20box_yash%20(5)-400x400.png","IlscbXKnlbBRflkpNQgiGQ==":"junction%20box_yash%20(6)-400x400.png","pzHDjp+IzcvaY9XHSqUTvA==":"junction%20box_yash%20(7)-400x400.png","/S9Swj0GHdXaYYXLx8Kc+A==":"junction%20box_yash%20(8)-400x400.png","JF0Qpc7VbHrDyWX3Y9cnzQ==":"junction%20box_yash%20(9)-400x400.png","px38sMKbnyQ6mUZdKvls4g==":"white-seasme-1ltr-600x600.png","YLayOYoo+KPaNPf2FK/H4g==":"mohari-tel-mustarduntitled-357-600x600.png","8vJ6zZiztJvrPyvH67MNpA==":"kale-til-500mluntitled-387-600x600.png","AI2QTg82w6u/9VgCrLgVxw==":"safflower-oil-1ltruntitled-372-600x600.png","oDaZ2eSI1ILT5PKSaHI/gQ==":"groundnut-500ml-600x600.png","Bl1CG9hUlpS4Fs1QP40jxA==":"almond-100mluntitled-440-600x600.png","rLTbI31Ij19ZCr4JnMHrZA==":"sunflower-1-ltr-600x600.png","9QR8EOmrByMAf/J9vQYtNw==":"flax-seeds500ml-469-600x600.png","PmODiqjnBNOEtUtlo3bfSQ==":"coco-1ltr-600x600.png","hDQTF+p7zr5iAqJRSzHUAg==":"mbr-156x278.jpeg","93oQ01dZNg5cb71fxzABRg==":"mbr-156x195.jpg","73sX9UPz3R5teUU7zK/wqg==":"mbr-156x104.jpg","Nd1Y80r1z2Yb4Ekxu9mfaQ==":"mbr-156x234.jpg"}